industrial_aggregate_including_unclassified_businesses,industrial_aggregate_excluding_unclassified_businesses,goods_producing_industries,forestry_logging_and_support,mining_quarrying_and_oil_and_gas_extraction,utilities,construction,manufacturing,service_producing_industries,trade,transportation_and_warehousing,information_and_cultural_industries,finance_and_insurance,real_estate_and_rental_and_leasing,professional_scientific_and_technical_services,management_of_companies_and_enterprises,administrative_and_support_waste_management_and_remediation_,educational_services,health_care_and_social_assistance,arts_entertainment_and_recreation,accommodation_and_food_services,other_services_except_public_administration,public_administration,unclassified_businesses,date,month,geography,type_of_employee
0.0,6172688.0,771996.0,6101.0,111448.0,0.0,188782.0,409149.0,5400691.0,659266.0,265522.0,209652.0,596187.0,113351.0,657745.0,0.0,212700.0,1236763.0,261077.0,69079.0,93938.0,157240.0,805574.0,0.0,2022-12-22,January 2022,Canada,Salaried employees paid a fixed salary
0.0,6317604.0,801693.0,6256.0,106810.0,0.0,184234.0,431048.0,5515910.0,687865.0,261379.0,216667.0,593975.0,111150.0,703527.0,0.0,198963.0,1282334.0,261061.0,69022.0,85007.0,170856.0,813069.0,0.0,2022-12-22,February 2022,Canada,Salaried employees paid a fixed salary
0.0,6328072.0,798560.0,0.0,100622.0,69875.0,175456.0,447276.0,5529512.0,681738.0,257641.0,187466.0,620698.0,121061.0,718559.0,0.0,207768.0,1310470.0,240752.0,70282.0,87241.0,164593.0,811767.0,0.0,2022-12-22,March 2022,Canada,Salaried employees paid a fixed salary
0.0,6310063.0,801936.0,4832.0,106509.0,62633.0,180683.0,447278.0,5508127.0,651925.0,262869.0,196082.0,646048.0,114054.0,719856.0,0.0,207678.0,1311815.0,234016.0,74434.0,83160.0,166285.0,790358.0,0.0,2022-12-22,April 2022,Canada,Salaried employees paid a fixed salary
0.0,6209722.0,764178.0,3813.0,98099.0,75268.0,172453.0,414545.0,5445544.0,649844.0,269448.0,207072.0,583319.0,125397.0,712940.0,0.0,199087.0,1246087.0,267412.0,75928.0,78083.0,151475.0,814425.0,0.0,2022-12-22,May 2022,Canada,Salaried employees paid a fixed salary
0.0,6175067.0,774333.0,3077.0,114466.0,75956.0,187400.0,393434.0,5400734.0,616793.0,251853.0,184193.0,597083.0,123091.0,715923.0,0.0,222199.0,1220590.0,284067.0,78709.0,85204.0,156913.0,812220.0,0.0,2022-12-22,June 2022,Canada,Salaried employees paid a fixed salary
0.0,6028318.0,795760.0,2116.0,104785.0,71014.0,207855.0,409989.0,5232558.0,635475.0,249962.0,218767.0,617536.0,119847.0,731553.0,0.0,212358.0,984601.0,283756.0,81385.0,84791.0,136851.0,810714.0,0.0,2022-12-22,July 2022,Canada,Salaried employees paid a fixed salary
0.0,5839084.0,734721.0,1290.0,114101.0,61339.0,177835.0,380157.0,5104363.0,631299.0,263346.0,200486.0,611251.0,134898.0,716339.0,0.0,203658.0,875200.0,258625.0,86401.0,86740.0,141957.0,830676.0,0.0,2022-12-22,August 2022,Canada,Salaried employees paid a fixed salary
0.0,6289257.0,709829.0,4232.0,103753.0,48418.0,184472.0,368955.0,5579428.0,649223.0,266596.0,231364.0,649217.0,133823.0,719071.0,0.0,200744.0,1195104.0,270152.0,88519.0,87532.0,139118.0,871832.0,0.0,2022-12-22,September 2022,Canada,Salaried employees paid a fixed salary
0.0,6371149.0,721108.0,3162.0,101147.0,48018.0,202316.0,366465.0,5650040.0,674211.0,253939.0,211822.0,639799.0,138766.0,729413.0,0.0,189571.0,1283532.0,279581.0,87577.0,89109.0,130523.0,869048.0,0.0,2022-12-22,October 2022,Canada,Salaried employees paid a fixed salary
0.0,6172688.0,771996.0,6101.0,111448.0,0.0,188782.0,409149.0,5400691.0,659266.0,265522.0,209652.0,596187.0,113351.0,657745.0,0.0,212700.0,1236763.0,261077.0,69079.0,93938.0,157240.0,805574.0,0.0,2022-12-22,January 2022,Canada,Salaried employees paid a fixed salary
0.0,6317604.0,801693.0,6256.0,106810.0,0.0,184234.0,431048.0,5515910.0,687865.0,261379.0,216667.0,593975.0,111150.0,703527.0,0.0,198963.0,1282334.0,261061.0,69022.0,85007.0,170856.0,813069.0,0.0,2022-12-22,February 2022,Canada,Salaried employees paid a fixed salary
0.0,6328072.0,798560.0,0.0,100622.0,69875.0,175456.0,447276.0,5529512.0,681738.0,257641.0,187466.0,620698.0,121061.0,718559.0,0.0,207768.0,1310470.0,240752.0,70282.0,87241.0,164593.0,811767.0,0.0,2022-12-22,March 2022,Canada,Salaried employees paid a fixed salary
0.0,6310063.0,801936.0,4832.0,106509.0,62633.0,180683.0,447278.0,5508127.0,651925.0,262869.0,196082.0,646048.0,114054.0,719856.0,0.0,207678.0,1311815.0,234016.0,74434.0,83160.0,166285.0,790358.0,0.0,2022-12-22,April 2022,Canada,Salaried employees paid a fixed salary
0.0,6209722.0,764178.0,3813.0,98099.0,75268.0,172453.0,414545.0,5445544.0,649844.0,269448.0,207072.0,583319.0,125397.0,712940.0,0.0,199087.0,1246087.0,267412.0,75928.0,78083.0,151475.0,814425.0,0.0,2022-12-22,May 2022,Canada,Salaried employees paid a fixed salary
0.0,6175067.0,774333.0,3077.0,114466.0,75956.0,187400.0,393434.0,5400734.0,616793.0,251853.0,184193.0,597083.0,123091.0,715923.0,0.0,222199.0,1220590.0,284067.0,78709.0,85204.0,156913.0,812220.0,0.0,2022-12-22,June 2022,Canada,Salaried employees paid a fixed salary
0.0,6028318.0,795760.0,2116.0,104785.0,71014.0,207855.0,409989.0,5232558.0,635475.0,249962.0,218767.0,617536.0,119847.0,731553.0,0.0,212358.0,984601.0,283756.0,81385.0,84791.0,136851.0,810714.0,0.0,2022-12-22,July 2022,Canada,Salaried employees paid a fixed salary
0.0,5839084.0,734721.0,1290.0,114101.0,61339.0,177835.0,380157.0,5104363.0,631299.0,263346.0,200486.0,611251.0,134898.0,716339.0,0.0,203658.0,875200.0,258625.0,86401.0,86740.0,141957.0,830676.0,0.0,2022-12-22,August 2022,Canada,Salaried employees paid a fixed salary
0.0,6289257.0,709829.0,4232.0,103753.0,48418.0,184472.0,368955.0,5579428.0,649223.0,266596.0,231364.0,649217.0,133823.0,719071.0,0.0,200744.0,1195104.0,270152.0,88519.0,87532.0,139118.0,871832.0,0.0,2022-12-22,September 2022,Canada,Salaried employees paid a fixed salary
0.0,6371149.0,721108.0,3162.0,101147.0,48018.0,202316.0,366465.0,5650040.0,674211.0,253939.0,211822.0,639799.0,138766.0,729413.0,0.0,189571.0,1283532.0,279581.0,87577.0,89109.0,130523.0,869048.0,0.0,2022-12-22,October 2022,Canada,Salaried employees paid a fixed salary
0.0,9304456.0,1934330.0,21005.0,79198.0,0.0,731180.0,1032588.0,7370126.0,1966935.0,432942.0,136044.0,156730.0,111685.0,330337.0,0.0,535198.0,54515.0,1866505.0,154607.0,924840.0,306009.0,346057.0,0.0,2022-12-22,January 2022,Canada,Employees paid by the hour
0.0,9349982.0,1967904.0,22854.0,87335.0,0.0,770268.0,1032851.0,7382078.0,1896334.0,441345.0,143521.0,157495.0,109654.0,300490.0,0.0,556607.0,59235.0,1900265.0,159585.0,962240.0,291702.0,351802.0,0.0,2022-12-22,February 2022,Canada,Employees paid by the hour
0.0,9530931.0,1991806.0,0.0,91513.0,55433.0,796978.0,1021859.0,7539125.0,1929079.0,430751.0,166616.0,133992.0,103341.0,320565.0,0.0,550073.0,56848.0,1926329.0,172621.0,1018261.0,300404.0,365737.0,0.0,2022-12-22,March 2022,Canada,Employees paid by the hour
0.0,9736182.0,2032242.0,23299.0,86167.0,63280.0,823016.0,1036480.0,7703940.0,1958675.0,450993.0,166972.0,125135.0,114697.0,310455.0,0.0,569621.0,60949.0,1935436.0,182582.0,1075396.0,307392.0,385520.0,0.0,2022-12-22,April 2022,Canada,Employees paid by the hour
0.0,10007884.0,2142269.0,25229.0,102331.0,51891.0,888365.0,1074453.0,7865615.0,1996516.0,443320.0,156391.0,184497.0,113063.0,331791.0,0.0,595531.0,60571.0,1893143.0,204913.0,1131888.0,325861.0,381740.0,0.0,2022-12-22,May 2022,Canada,Employees paid by the hour
0.0,10308173.0,2188566.0,28079.0,88347.0,53312.0,915916.0,1102913.0,8119606.0,2051671.0,469373.0,178722.0,175181.0,126604.0,342737.0,0.0,594823.0,62586.0,1901529.0,228636.0,1182992.0,340245.0,403646.0,0.0,2022-12-22,June 2022,Canada,Employees paid by the hour
0.0,10317205.0,2167061.0,33185.0,98149.0,57720.0,886474.0,1091533.0,8150144.0,2055602.0,454279.0,152262.0,166054.0,127440.0,332337.0,0.0,607977.0,63979.0,1897775.0,248564.0,1207855.0,367309.0,424988.0,0.0,2022-12-22,July 2022,Canada,Employees paid by the hour
0.0,10323261.0,2237505.0,34352.0,89223.0,69500.0,920635.0,1123794.0,8085756.0,2045785.0,451583.0,176212.0,170480.0,119884.0,326635.0,0.0,609029.0,58881.0,1905176.0,239833.0,1199298.0,349852.0,389395.0,0.0,2022-12-22,August 2022,Canada,Employees paid by the hour
0.0,10309095.0,2300251.0,30324.0,101090.0,80793.0,950165.0,1137879.0,8008844.0,2036713.0,467276.0,141276.0,136994.0,124293.0,342087.0,0.0,620265.0,59942.0,1905096.0,231181.0,1204240.0,356372.0,345036.0,0.0,2022-12-22,September 2022,Canada,Employees paid by the hour
0.0,10188281.0,2248671.0,27248.0,102152.0,80220.0,905863.0,1133187.0,7939610.0,2009288.0,480196.0,166494.0,136841.0,113147.0,330948.0,0.0,621679.0,64533.0,1893173.0,203149.0,1168407.0,355568.0,348993.0,0.0,2022-12-22,October 2022,Canada,Employees paid by the hour
0.0,70436.0,7530.0,0.0,0.0,0.0,3011.0,1307.0,62906.0,6374.0,3678.0,1168.0,6134.0,0.0,4292.0,0.0,1605.0,0.0,2413.0,0.0,772.0,1497.0,16059.0,0.0,2022-12-22,January 2022,Newfoundland and Labrador,Salaried employees paid a fixed salary
0.0,71462.0,7700.0,0.0,0.0,0.0,3133.0,0.0,63762.0,6610.0,3738.0,1192.0,5952.0,0.0,5119.0,0.0,1177.0,0.0,2452.0,0.0,652.0,1680.0,16342.0,0.0,2022-12-22,February 2022,Newfoundland and Labrador,Salaried employees paid a fixed salary
0.0,71532.0,7210.0,0.0,0.0,0.0,3309.0,0.0,64322.0,6707.0,3431.0,0.0,6314.0,0.0,5037.0,0.0,1211.0,0.0,2478.0,0.0,791.0,1724.0,16163.0,0.0,2022-12-22,March 2022,Newfoundland and Labrador,Salaried employees paid a fixed salary
0.0,76270.0,11717.0,0.0,0.0,0.0,3597.0,3818.0,64553.0,7026.0,3614.0,1114.0,6462.0,0.0,5435.0,0.0,1027.0,0.0,2579.0,0.0,0.0,1450.0,15966.0,0.0,2022-12-22,April 2022,Newfoundland and Labrador,Salaried employees paid a fixed salary
0.0,76065.0,11533.0,0.0,0.0,0.0,3160.0,5140.0,64532.0,7296.0,3270.0,1151.0,6460.0,0.0,5477.0,0.0,1194.0,0.0,2537.0,0.0,0.0,1449.0,16228.0,0.0,2022-12-22,May 2022,Newfoundland and Labrador,Salaried employees paid a fixed salary
0.0,81682.0,12536.0,0.0,0.0,0.0,2846.0,0.0,69146.0,7097.0,3225.0,3951.0,6707.0,0.0,5623.0,0.0,1403.0,0.0,2506.0,0.0,1095.0,1800.0,16543.0,0.0,2022-12-22,June 2022,Newfoundland and Labrador,Salaried employees paid a fixed salary
0.0,78471.0,11045.0,0.0,0.0,0.0,2860.0,3226.0,67426.0,9129.0,3059.0,1008.0,0.0,0.0,5565.0,0.0,1337.0,0.0,3438.0,0.0,1065.0,1356.0,16869.0,0.0,2022-12-22,July 2022,Newfoundland and Labrador,Salaried employees paid a fixed salary
0.0,75720.0,9736.0,0.0,0.0,0.0,2564.0,2451.0,65984.0,6715.0,3645.0,925.0,0.0,0.0,5546.0,0.0,1522.0,0.0,2991.0,0.0,1007.0,1705.0,17065.0,0.0,2022-12-22,August 2022,Newfoundland and Labrador,Salaried employees paid a fixed salary
0.0,76069.0,9392.0,0.0,0.0,0.0,2655.0,1760.0,66677.0,7348.0,3366.0,1289.0,7186.0,0.0,5442.0,0.0,1419.0,0.0,0.0,0.0,1306.0,1192.0,16806.0,0.0,2022-12-22,September 2022,Newfoundland and Labrador,Salaried employees paid a fixed salary
0.0,75634.0,9335.0,0.0,0.0,0.0,3255.0,1995.0,66299.0,6178.0,3474.0,1012.0,6656.0,0.0,5739.0,0.0,1309.0,0.0,0.0,0.0,907.0,1264.0,17051.0,0.0,2022-12-22,October 2022,Newfoundland and Labrador,Salaried employees paid a fixed salary
0.0,116450.0,18575.0,0.0,0.0,0.0,8497.0,4963.0,97875.0,28131.0,3800.0,3448.0,1158.0,0.0,2973.0,0.0,3909.0,0.0,31670.0,0.0,11626.0,3591.0,4569.0,0.0,2022-12-22,January 2022,Newfoundland and Labrador,Employees paid by the hour
0.0,115732.0,18347.0,0.0,0.0,0.0,8663.0,0.0,97385.0,27042.0,3913.0,3479.0,1301.0,0.0,2434.0,0.0,4257.0,0.0,31749.0,0.0,12239.0,3384.0,4363.0,0.0,2022-12-22,February 2022,Newfoundland and Labrador,Employees paid by the hour
0.0,118902.0,20148.0,0.0,0.0,0.0,9084.0,0.0,98754.0,26839.0,4380.0,0.0,1011.0,0.0,2592.0,0.0,4169.0,0.0,31752.0,0.0,12776.0,3584.0,4721.0,0.0,2022-12-22,March 2022,Newfoundland and Labrador,Employees paid by the hour
0.0,123163.0,22376.0,0.0,0.0,0.0,9598.0,8989.0,100788.0,27658.0,4815.0,3547.0,906.0,0.0,2371.0,0.0,4745.0,0.0,31374.0,0.0,0.0,3863.0,4592.0,0.0,2022-12-22,April 2022,Newfoundland and Labrador,Employees paid by the hour
0.0,131236.0,27067.0,0.0,0.0,0.0,10658.0,11272.0,104169.0,28305.0,5291.0,3512.0,775.0,0.0,2853.0,0.0,4693.0,0.0,32628.0,0.0,0.0,3929.0,4540.0,0.0,2022-12-22,May 2022,Newfoundland and Labrador,Employees paid by the hour
0.0,135382.0,29211.0,0.0,0.0,0.0,12295.0,0.0,106171.0,29262.0,5690.0,751.0,943.0,0.0,2993.0,0.0,5070.0,0.0,33257.0,0.0,15366.0,4101.0,4896.0,0.0,2022-12-22,June 2022,Newfoundland and Labrador,Employees paid by the hour
0.0,135592.0,27759.0,0.0,0.0,0.0,12595.0,11107.0,107834.0,27664.0,6128.0,2527.0,0.0,0.0,2798.0,0.0,5234.0,0.0,32077.0,0.0,16209.0,4949.0,5478.0,0.0,2022-12-22,July 2022,Newfoundland and Labrador,Employees paid by the hour
0.0,135975.0,27329.0,0.0,0.0,0.0,12807.0,10477.0,108646.0,29364.0,5044.0,3726.0,0.0,0.0,3063.0,0.0,5057.0,0.0,32176.0,0.0,16012.0,4567.0,5247.0,0.0,2022-12-22,August 2022,Newfoundland and Labrador,Employees paid by the hour
0.0,131914.0,24769.0,0.0,0.0,0.0,13111.0,7943.0,107145.0,28291.0,5909.0,3386.0,290.0,0.0,3056.0,0.0,5170.0,0.0,0.0,0.0,15612.0,4690.0,4607.0,0.0,2022-12-22,September 2022,Newfoundland and Labrador,Employees paid by the hour
0.0,129621.0,23373.0,0.0,0.0,0.0,12232.0,7045.0,106248.0,28714.0,5748.0,3665.0,692.0,0.0,2611.0,0.0,5309.0,0.0,0.0,0.0,15131.0,4386.0,4208.0,0.0,2022-12-22,October 2022,Newfoundland and Labrador,Employees paid by the hour
0.0,25812.0,2107.0,0.0,0.0,0.0,394.0,1468.0,23705.0,1978.0,881.0,0.0,1415.0,352.0,0.0,0.0,725.0,0.0,0.0,0.0,353.0,0.0,8613.0,0.0,2022-12-22,January 2022,Prince Edward Island,Salaried employees paid a fixed salary
0.0,26511.0,2270.0,0.0,0.0,0.0,0.0,1585.0,24241.0,1827.0,886.0,0.0,1558.0,0.0,1923.0,0.0,779.0,0.0,0.0,0.0,291.0,0.0,8505.0,0.0,2022-12-22,February 2022,Prince Edward Island,Salaried employees paid a fixed salary
0.0,26645.0,2272.0,0.0,0.0,0.0,395.0,1690.0,24374.0,2065.0,1015.0,0.0,0.0,411.0,0.0,0.0,826.0,0.0,0.0,0.0,312.0,0.0,8701.0,0.0,2022-12-22,March 2022,Prince Edward Island,Salaried employees paid a fixed salary
0.0,26787.0,2398.0,0.0,0.0,0.0,364.0,1823.0,24388.0,2408.0,0.0,0.0,1442.0,0.0,1721.0,0.0,999.0,0.0,0.0,0.0,319.0,0.0,8535.0,0.0,2022-12-22,April 2022,Prince Edward Island,Salaried employees paid a fixed salary
0.0,28226.0,2828.0,0.0,0.0,0.0,397.0,2292.0,25398.0,3178.0,0.0,0.0,1285.0,0.0,2105.0,0.0,816.0,0.0,0.0,0.0,327.0,0.0,8836.0,0.0,2022-12-22,May 2022,Prince Edward Island,Salaried employees paid a fixed salary
0.0,27889.0,1994.0,0.0,0.0,0.0,357.0,1549.0,25895.0,3698.0,745.0,0.0,1564.0,0.0,1777.0,0.0,893.0,0.0,0.0,0.0,381.0,0.0,9234.0,0.0,2022-12-22,June 2022,Prince Edward Island,Salaried employees paid a fixed salary
0.0,25060.0,2181.0,0.0,0.0,0.0,300.0,1741.0,22878.0,3071.0,847.0,0.0,1510.0,0.0,1711.0,0.0,875.0,0.0,0.0,0.0,396.0,0.0,9415.0,0.0,2022-12-22,July 2022,Prince Edward Island,Salaried employees paid a fixed salary
0.0,24034.0,2566.0,0.0,0.0,0.0,0.0,2107.0,21467.0,2752.0,1049.0,0.0,1503.0,0.0,1891.0,0.0,896.0,0.0,0.0,0.0,399.0,0.0,9444.0,0.0,2022-12-22,August 2022,Prince Edward Island,Salaried employees paid a fixed salary
0.0,26086.0,2036.0,0.0,0.0,0.0,0.0,1453.0,24050.0,2713.0,885.0,0.0,1515.0,0.0,0.0,0.0,811.0,0.0,0.0,0.0,460.0,0.0,9491.0,0.0,2022-12-22,September 2022,Prince Edward Island,Salaried employees paid a fixed salary
0.0,27080.0,2460.0,0.0,0.0,0.0,398.0,1989.0,24620.0,2496.0,935.0,0.0,1574.0,0.0,1872.0,0.0,784.0,0.0,0.0,0.0,487.0,0.0,9566.0,0.0,2022-12-22,October 2022,Prince Edward Island,Salaried employees paid a fixed salary
0.0,37166.0,6747.0,0.0,0.0,0.0,3225.0,3278.0,30419.0,8332.0,1007.0,0.0,274.0,276.0,0.0,0.0,4000.0,0.0,0.0,0.0,4235.0,0.0,734.0,0.0,2022-12-22,January 2022,Prince Edward Island,Employees paid by the hour
0.0,36856.0,6412.0,0.0,0.0,0.0,0.0,3096.0,30444.0,8328.0,910.0,0.0,212.0,0.0,645.0,0.0,4172.0,0.0,0.0,0.0,4473.0,0.0,791.0,0.0,2022-12-22,February 2022,Prince Edward Island,Employees paid by the hour
0.0,37318.0,6520.0,0.0,0.0,0.0,3123.0,3098.0,30798.0,8149.0,829.0,0.0,0.0,185.0,0.0,0.0,4248.0,0.0,0.0,0.0,4596.0,0.0,845.0,0.0,2022-12-22,March 2022,Prince Edward Island,Employees paid by the hour
0.0,39615.0,6865.0,0.0,0.0,0.0,3351.0,3242.0,32750.0,8633.0,0.0,0.0,400.0,0.0,885.0,0.0,4310.0,0.0,0.0,0.0,4967.0,0.0,917.0,0.0,2022-12-22,April 2022,Prince Edward Island,Employees paid by the hour
0.0,43026.0,8210.0,0.0,0.0,0.0,3657.0,4215.0,34816.0,9226.0,0.0,0.0,535.0,0.0,529.0,0.0,4506.0,0.0,0.0,0.0,6109.0,0.0,1010.0,0.0,2022-12-22,May 2022,Prince Edward Island,Employees paid by the hour
0.0,45436.0,9211.0,0.0,0.0,0.0,4094.0,4693.0,36225.0,8868.0,1617.0,0.0,298.0,0.0,790.0,0.0,3835.0,0.0,0.0,0.0,7412.0,0.0,800.0,0.0,2022-12-22,June 2022,Prince Edward Island,Employees paid by the hour
0.0,47563.0,9510.0,0.0,0.0,0.0,4480.0,4641.0,38053.0,9563.0,1636.0,0.0,342.0,0.0,892.0,0.0,3805.0,0.0,0.0,0.0,8123.0,0.0,823.0,0.0,2022-12-22,July 2022,Prince Edward Island,Employees paid by the hour
0.0,47068.0,9171.0,0.0,0.0,0.0,0.0,4113.0,37897.0,9376.0,1556.0,0.0,374.0,0.0,687.0,0.0,3652.0,0.0,0.0,0.0,8326.0,0.0,850.0,0.0,2022-12-22,August 2022,Prince Edward Island,Employees paid by the hour
0.0,45917.0,8819.0,0.0,0.0,0.0,0.0,4179.0,37097.0,9372.0,1553.0,0.0,345.0,0.0,0.0,0.0,3707.0,0.0,0.0,0.0,7901.0,0.0,668.0,0.0,2022-12-22,September 2022,Prince Edward Island,Employees paid by the hour
0.0,42098.0,8325.0,0.0,0.0,0.0,4130.0,3790.0,33773.0,9032.0,1476.0,0.0,333.0,0.0,600.0,0.0,3489.0,0.0,0.0,0.0,6332.0,0.0,481.0,0.0,2022-12-22,October 2022,Prince Edward Island,Employees paid by the hour
0.0,142080.0,11982.0,0.0,0.0,0.0,3176.0,7130.0,130098.0,15417.0,5448.0,3120.0,0.0,0.0,11162.0,0.0,3414.0,35860.0,6154.0,1085.0,0.0,3319.0,26515.0,0.0,2022-12-22,January 2022,Nova Scotia,Salaried employees paid a fixed salary
0.0,147542.0,12758.0,0.0,0.0,0.0,3038.0,6680.0,134784.0,16320.0,6073.0,0.0,0.0,0.0,11444.0,0.0,2935.0,38866.0,6102.0,1111.0,0.0,3685.0,27106.0,0.0,2022-12-22,February 2022,Nova Scotia,Salaried employees paid a fixed salary
0.0,149822.0,13006.0,0.0,0.0,0.0,3529.0,7621.0,136817.0,17411.0,5875.0,0.0,0.0,0.0,11216.0,0.0,3503.0,40310.0,5844.0,1085.0,1666.0,3454.0,26360.0,0.0,2022-12-22,March 2022,Nova Scotia,Salaried employees paid a fixed salary
0.0,152365.0,12133.0,0.0,0.0,0.0,3125.0,7127.0,140232.0,17223.0,5830.0,2659.0,0.0,0.0,13676.0,0.0,3580.0,39654.0,6382.0,1180.0,1451.0,3636.0,26731.0,0.0,2022-12-22,April 2022,Nova Scotia,Salaried employees paid a fixed salary
0.0,154803.0,13067.0,0.0,0.0,0.0,3612.0,7509.0,141736.0,15628.0,5823.0,2918.0,0.0,0.0,12083.0,0.0,3384.0,38679.0,10447.0,1447.0,1731.0,3988.0,28166.0,0.0,2022-12-22,May 2022,Nova Scotia,Salaried employees paid a fixed salary
0.0,161893.0,13782.0,0.0,0.0,0.0,3538.0,8205.0,148111.0,14836.0,5453.0,5139.0,0.0,0.0,13656.0,0.0,4119.0,39973.0,10117.0,1473.0,2318.0,4002.0,28560.0,0.0,2022-12-22,June 2022,Nova Scotia,Salaried employees paid a fixed salary
0.0,150858.0,14489.0,0.0,0.0,0.0,3677.0,8904.0,136369.0,16193.0,5865.0,2862.0,0.0,0.0,11675.0,0.0,4074.0,35138.0,5637.0,1496.0,2135.0,3632.0,28639.0,0.0,2022-12-22,July 2022,Nova Scotia,Salaried employees paid a fixed salary
0.0,143167.0,13187.0,0.0,0.0,0.0,3712.0,7687.0,129980.0,14024.0,5814.0,2771.0,0.0,0.0,12536.0,0.0,4200.0,31079.0,5609.0,1531.0,2148.0,0.0,28033.0,0.0,2022-12-22,August 2022,Nova Scotia,Salaried employees paid a fixed salary
0.0,150230.0,11850.0,0.0,0.0,0.0,3787.0,0.0,138380.0,14101.0,6145.0,3118.0,0.0,0.0,12750.0,0.0,3928.0,38270.0,5762.0,1471.0,1999.0,4016.0,28106.0,0.0,2022-12-22,September 2022,Nova Scotia,Salaried employees paid a fixed salary
0.0,153982.0,14196.0,0.0,0.0,0.0,4103.0,8312.0,139786.0,14425.0,5838.0,2929.0,0.0,0.0,12545.0,0.0,3824.0,40649.0,5520.0,1372.0,1878.0,3893.0,28958.0,0.0,2022-12-22,October 2022,Nova Scotia,Salaried employees paid a fixed salary
0.0,241452.0,42871.0,0.0,0.0,0.0,18128.0,22045.0,198581.0,54983.0,8898.0,4020.0,0.0,0.0,4685.0,0.0,13104.0,1069.0,61440.0,2580.0,0.0,7570.0,8412.0,0.0,2022-12-22,January 2022,Nova Scotia,Employees paid by the hour
0.0,240297.0,42947.0,0.0,0.0,0.0,18536.0,22761.0,197350.0,52665.0,8913.0,0.0,0.0,0.0,4590.0,0.0,13031.0,1117.0,62183.0,2842.0,0.0,6681.0,8448.0,0.0,2022-12-22,February 2022,Nova Scotia,Employees paid by the hour
0.0,243695.0,43148.0,0.0,0.0,0.0,18576.0,22126.0,200546.0,52076.0,9132.0,0.0,0.0,0.0,5118.0,0.0,12742.0,1047.0,63224.0,2994.0,26598.0,7195.0,9536.0,0.0,2022-12-22,March 2022,Nova Scotia,Employees paid by the hour
0.0,248047.0,45450.0,0.0,0.0,0.0,19743.0,23275.0,202598.0,53297.0,9756.0,4618.0,0.0,0.0,3611.0,0.0,13459.0,1191.0,62563.0,3203.0,28342.0,7254.0,9246.0,0.0,2022-12-22,April 2022,Nova Scotia,Employees paid by the hour
0.0,253531.0,48196.0,0.0,0.0,0.0,20897.0,24718.0,205335.0,55051.0,9790.0,4366.0,0.0,0.0,5227.0,0.0,14455.0,1200.0,58901.0,3498.0,30308.0,7187.0,8280.0,0.0,2022-12-22,May 2022,Nova Scotia,Employees paid by the hour
0.0,254355.0,49625.0,0.0,0.0,0.0,22523.0,24423.0,204730.0,55899.0,9369.0,2163.0,0.0,0.0,4711.0,0.0,13834.0,1263.0,58973.0,4082.0,32144.0,7361.0,8445.0,0.0,2022-12-22,June 2022,Nova Scotia,Employees paid by the hour
0.0,259092.0,49198.0,0.0,0.0,0.0,22991.0,23432.0,209894.0,53264.0,9167.0,3506.0,0.0,0.0,4797.0,0.0,13928.0,1388.0,62656.0,4803.0,33360.0,8274.0,8612.0,0.0,2022-12-22,July 2022,Nova Scotia,Employees paid by the hour
0.0,262217.0,50475.0,0.0,0.0,0.0,23168.0,24367.0,211742.0,53913.0,9378.0,4572.0,0.0,0.0,5069.0,0.0,13751.0,1274.0,62293.0,4801.0,33388.0,0.0,8729.0,0.0,2022-12-22,August 2022,Nova Scotia,Employees paid by the hour
0.0,260401.0,48369.0,0.0,0.0,0.0,23023.0,0.0,212032.0,54662.0,9317.0,4204.0,0.0,0.0,5206.0,0.0,14244.0,1467.0,62561.0,4682.0,33261.0,7855.0,8376.0,0.0,2022-12-22,September 2022,Nova Scotia,Employees paid by the hour
0.0,256772.0,47231.0,0.0,0.0,0.0,21774.0,22489.0,209542.0,54722.0,9326.0,4434.0,0.0,0.0,4943.0,0.0,13960.0,1336.0,62575.0,3980.0,32294.0,7307.0,8261.0,0.0,2022-12-22,October 2022,Nova Scotia,Employees paid by the hour
0.0,106859.0,10923.0,390.0,159.0,1887.0,2593.0,5894.0,95936.0,9556.0,5302.0,2559.0,0.0,0.0,7797.0,923.0,3725.0,19503.0,2710.0,0.0,1053.0,2419.0,25408.0,0.0,2022-12-22,January 2022,New Brunswick,Salaried employees paid a fixed salary
0.0,109801.0,11641.0,366.0,230.0,2229.0,2830.0,5986.0,98159.0,10465.0,5368.0,2758.0,0.0,0.0,8244.0,885.0,2564.0,21292.0,2766.0,0.0,940.0,2516.0,25681.0,0.0,2022-12-22,February 2022,New Brunswick,Salaried employees paid a fixed salary
0.0,110443.0,11929.0,0.0,265.0,2282.0,2840.0,6268.0,98514.0,10885.0,5467.0,2290.0,0.0,0.0,8180.0,671.0,2556.0,21859.0,2299.0,0.0,1026.0,2687.0,25934.0,0.0,2022-12-22,March 2022,New Brunswick,Salaried employees paid a fixed salary
0.0,111136.0,12119.0,322.0,328.0,0.0,0.0,6704.0,99017.0,10831.0,6295.0,2308.0,0.0,0.0,8833.0,717.0,2675.0,22028.0,2422.0,0.0,1177.0,2439.0,25698.0,0.0,2022-12-22,April 2022,New Brunswick,Salaried employees paid a fixed salary
0.0,109704.0,13356.0,245.0,360.0,2654.0,2751.0,7345.0,96348.0,9883.0,5003.0,2504.0,0.0,0.0,8186.0,722.0,2527.0,20541.0,2453.0,0.0,1130.0,2300.0,26612.0,0.0,2022-12-22,May 2022,New Brunswick,Salaried employees paid a fixed salary
0.0,114001.0,12383.0,248.0,0.0,2439.0,0.0,6306.0,101618.0,9046.0,5499.0,4382.0,0.0,0.0,8447.0,484.0,3204.0,20526.0,2480.0,0.0,1254.0,0.0,27618.0,0.0,2022-12-22,June 2022,New Brunswick,Salaried employees paid a fixed salary
0.0,111301.0,12700.0,47.0,374.0,2590.0,2623.0,7066.0,98601.0,9358.0,5620.0,2350.0,0.0,0.0,8447.0,556.0,3345.0,17531.0,2965.0,0.0,1159.0,2400.0,27272.0,0.0,2022-12-22,July 2022,New Brunswick,Salaried employees paid a fixed salary
0.0,110208.0,12680.0,183.0,0.0,2278.0,2734.0,7168.0,97529.0,0.0,5538.0,2252.0,0.0,0.0,8691.0,771.0,3044.0,17753.0,2561.0,0.0,1313.0,2212.0,27440.0,0.0,2022-12-22,August 2022,New Brunswick,Salaried employees paid a fixed salary
0.0,114193.0,11419.0,0.0,294.0,2045.0,2812.0,6008.0,102775.0,9032.0,5490.0,2722.0,0.0,0.0,8255.0,806.0,3073.0,20163.0,3081.0,0.0,1259.0,2405.0,28904.0,0.0,2022-12-22,September 2022,New Brunswick,Salaried employees paid a fixed salary
0.0,117128.0,12404.0,0.0,0.0,1922.0,2721.0,7374.0,104724.0,9194.0,5648.0,2037.0,0.0,0.0,9108.0,692.0,2942.0,22101.0,2303.0,0.0,0.0,2042.0,28278.0,0.0,2022-12-22,October 2022,New Brunswick,Salaried employees paid a fixed salary
0.0,191252.0,36788.0,1462.0,636.0,1274.0,12688.0,20729.0,154464.0,41793.0,7025.0,3510.0,0.0,0.0,4527.0,430.0,10171.0,558.0,50372.0,0.0,18010.0,5056.0,6231.0,0.0,2022-12-22,January 2022,New Brunswick,Employees paid by the hour
0.0,191974.0,36441.0,1353.0,627.0,916.0,12984.0,20560.0,155533.0,40113.0,7344.0,3362.0,0.0,0.0,4169.0,479.0,11341.0,687.0,51335.0,0.0,17740.0,5018.0,6722.0,0.0,2022-12-22,February 2022,New Brunswick,Employees paid by the hour
0.0,193378.0,36795.0,0.0,607.0,917.0,13292.0,20586.0,156583.0,40102.0,7154.0,3723.0,0.0,0.0,4636.0,261.0,10515.0,610.0,52127.0,0.0,18872.0,4799.0,6861.0,0.0,2022-12-22,March 2022,New Brunswick,Employees paid by the hour
0.0,201232.0,38543.0,796.0,608.0,0.0,0.0,21955.0,162689.0,40858.0,7514.0,3825.0,0.0,0.0,4579.0,200.0,11090.0,633.0,52973.0,0.0,20049.0,5235.0,7289.0,0.0,2022-12-22,April 2022,New Brunswick,Employees paid by the hour
0.0,213154.0,43950.0,776.0,804.0,734.0,16635.0,25001.0,169204.0,43141.0,8952.0,3530.0,0.0,0.0,4550.0,241.0,11663.0,658.0,53829.0,0.0,21437.0,5572.0,7414.0,0.0,2022-12-22,May 2022,New Brunswick,Employees paid by the hour
0.0,219627.0,47708.0,1281.0,0.0,1045.0,0.0,26245.0,171918.0,45235.0,9614.0,1615.0,0.0,0.0,4823.0,472.0,11869.0,632.0,52909.0,0.0,23072.0,0.0,7515.0,0.0,2022-12-22,June 2022,New Brunswick,Employees paid by the hour
0.0,223159.0,47828.0,2053.0,969.0,905.0,19099.0,24802.0,175331.0,45067.0,9219.0,3742.0,0.0,0.0,4770.0,425.0,11465.0,701.0,53141.0,0.0,23850.0,6200.0,8317.0,0.0,2022-12-22,July 2022,New Brunswick,Employees paid by the hour
0.0,222263.0,47136.0,1757.0,0.0,1163.0,18949.0,24243.0,175127.0,0.0,9145.0,3814.0,0.0,0.0,4159.0,243.0,11628.0,624.0,53254.0,0.0,23929.0,6359.0,7744.0,0.0,2022-12-22,August 2022,New Brunswick,Employees paid by the hour
0.0,218699.0,48818.0,0.0,1035.0,1391.0,19068.0,25533.0,169881.0,44856.0,8521.0,3311.0,0.0,0.0,4780.0,178.0,11543.0,600.0,52373.0,0.0,23353.0,5893.0,6066.0,0.0,2022-12-22,September 2022,New Brunswick,Employees paid by the hour
0.0,212378.0,46800.0,0.0,0.0,1402.0,19200.0,23794.0,165579.0,43982.0,8279.0,3892.0,0.0,0.0,3656.0,336.0,11487.0,610.0,52535.0,0.0,0.0,6005.0,6434.0,0.0,2022-12-22,October 2022,New Brunswick,Employees paid by the hour
0.0,1258217.0,158255.0,1454.0,7796.0,8294.0,34128.0,106583.0,1099962.0,124749.0,50149.0,38030.0,102864.0,17950.0,124834.0,0.0,36017.0,304106.0,42577.0,11680.0,12638.0,25531.0,191047.0,0.0,2022-12-22,January 2022,Quebec,Salaried employees paid a fixed salary
0.0,1317540.0,164157.0,1254.0,6952.0,11565.0,35208.0,109179.0,1153383.0,134717.0,51351.0,39117.0,104050.0,17953.0,144746.0,0.0,34864.0,314049.0,45548.0,11205.0,12709.0,29502.0,195556.0,0.0,2022-12-22,February 2022,Quebec,Salaried employees paid a fixed salary
0.0,1312671.0,158285.0,0.0,6831.0,10595.0,29456.0,110292.0,1154386.0,131097.0,51219.0,34105.0,114455.0,20409.0,150634.0,0.0,34422.0,323417.0,34925.0,12780.0,13485.0,27534.0,194388.0,0.0,2022-12-22,March 2022,Quebec,Salaried employees paid a fixed salary
0.0,1294424.0,158261.0,1482.0,7287.0,9039.0,27358.0,113096.0,1136163.0,114654.0,50268.0,31941.0,133200.0,18548.0,142088.0,0.0,33934.0,0.0,37192.0,11455.0,11217.0,25455.0,188755.0,0.0,2022-12-22,April 2022,Quebec,Salaried employees paid a fixed salary
0.0,1260416.0,147821.0,1120.0,5266.0,12312.0,23651.0,105472.0,1112594.0,118722.0,53137.0,32369.0,99812.0,16642.0,137700.0,0.0,34493.0,312938.0,48638.0,12493.0,11151.0,21925.0,192439.0,0.0,2022-12-22,May 2022,Quebec,Salaried employees paid a fixed salary
0.0,1297890.0,170193.0,936.0,11855.0,18552.0,30485.0,108365.0,1127696.0,111798.0,51838.0,29339.0,112459.0,16939.0,147124.0,0.0,45100.0,305666.0,53142.0,15067.0,0.0,22172.0,190169.0,0.0,2022-12-22,June 2022,Quebec,Salaried employees paid a fixed salary
0.0,1254159.0,185440.0,612.0,7238.0,10451.0,56144.0,110995.0,1068720.0,107095.0,50590.0,34098.0,113110.0,16298.0,149953.0,0.0,38600.0,253666.0,53039.0,15249.0,15276.0,14626.0,191309.0,0.0,2022-12-22,July 2022,Quebec,Salaried employees paid a fixed salary
0.0,1149528.0,143096.0,683.0,8076.0,9072.0,31769.0,93496.0,1006432.0,105139.0,47907.0,33600.0,111877.0,18428.0,144266.0,0.0,33324.0,218758.0,40670.0,14480.0,13262.0,15475.0,193803.0,0.0,2022-12-22,August 2022,Quebec,Salaried employees paid a fixed salary
0.0,1263023.0,145341.0,1451.0,6668.0,7353.0,32646.0,97223.0,1117683.0,111752.0,49121.0,38371.0,120234.0,20002.0,149353.0,0.0,37638.0,284343.0,39571.0,14578.0,14956.0,18990.0,197992.0,0.0,2022-12-22,September 2022,Quebec,Salaried employees paid a fixed salary
0.0,1302041.0,151029.0,861.0,6922.0,6663.0,41253.0,95330.0,1151012.0,114158.0,51236.0,36491.0,135352.0,18514.0,144208.0,0.0,29578.0,314058.0,44700.0,16161.0,14114.0,15911.0,200158.0,0.0,2022-12-22,October 2022,Quebec,Salaried employees paid a fixed salary
0.0,2240712.0,489867.0,4978.0,10709.0,19966.0,148318.0,305895.0,1750846.0,461174.0,95340.0,31961.0,49164.0,24915.0,108039.0,0.0,112361.0,10201.0,484339.0,33922.0,174457.0,84521.0,75273.0,0.0,2022-12-22,January 2022,Quebec,Employees paid by the hour
0.0,2262677.0,502721.0,5478.0,11856.0,16302.0,161422.0,307663.0,1759956.0,450116.0,96652.0,34141.0,48106.0,21765.0,92357.0,0.0,118770.0,10684.0,497816.0,35929.0,192201.0,79633.0,76642.0,0.0,2022-12-22,February 2022,Quebec,Employees paid by the hour
0.0,2332957.0,516546.0,0.0,13049.0,16842.0,172774.0,308117.0,1816411.0,461112.0,94276.0,39980.0,41954.0,21859.0,93804.0,0.0,118825.0,11004.0,509054.0,40031.0,212624.0,82268.0,78407.0,0.0,2022-12-22,March 2022,Quebec,Employees paid by the hour
0.0,2369871.0,528144.0,4775.0,12734.0,18710.0,184360.0,307565.0,1841726.0,478563.0,98371.0,43693.0,25126.0,24041.0,98135.0,0.0,121491.0,0.0,494887.0,39990.0,225319.0,87310.0,82727.0,0.0,2022-12-22,April 2022,Quebec,Employees paid by the hour
0.0,2446708.0,562047.0,5551.0,15950.0,16087.0,208226.0,316232.0,1884661.0,485098.0,97461.0,44186.0,58748.0,25778.0,103170.0,0.0,127147.0,13059.0,472915.0,41751.0,235587.0,92810.0,82251.0,0.0,2022-12-22,May 2022,Quebec,Employees paid by the hour
0.0,2506788.0,559099.0,7523.0,10508.0,9727.0,210516.0,320826.0,1947689.0,500208.0,102615.0,48097.0,50500.0,28862.0,102452.0,0.0,119812.0,14515.0,481770.0,49368.0,0.0,98656.0,90206.0,0.0,2022-12-22,June 2022,Quebec,Employees paid by the hour
0.0,2481830.0,530445.0,8838.0,14852.0,18420.0,167821.0,320514.0,1951385.0,504661.0,93840.0,44179.0,50913.0,28538.0,101292.0,0.0,125295.0,13698.0,470627.0,56266.0,250553.0,106526.0,96185.0,0.0,2022-12-22,July 2022,Quebec,Employees paid by the hour
0.0,2505127.0,557550.0,8623.0,13665.0,20296.0,186193.0,328773.0,1947577.0,504389.0,99469.0,44936.0,51005.0,27728.0,103423.0,0.0,126498.0,12456.0,476135.0,54046.0,248997.0,100910.0,88814.0,0.0,2022-12-22,August 2022,Quebec,Employees paid by the hour
0.0,2514514.0,590127.0,7888.0,14885.0,21463.0,214309.0,331581.0,1924388.0,500514.0,106475.0,39480.0,43977.0,28603.0,99533.0,0.0,125620.0,11860.0,477469.0,53594.0,252166.0,99939.0,80144.0,0.0,2022-12-22,September 2022,Quebec,Employees paid by the hour
0.0,2478923.0,574843.0,6940.0,14274.0,21960.0,201023.0,330646.0,1904079.0,497521.0,103936.0,42045.0,26050.0,28582.0,103530.0,0.0,133305.0,13482.0,470199.0,44565.0,246252.0,103184.0,79254.0,0.0,2022-12-22,October 2022,Quebec,Employees paid by the hour
0.0,2557109.0,294934.0,619.0,11414.0,0.0,72759.0,187863.0,2262176.0,290085.0,96576.0,100724.0,296904.0,47850.0,307577.0,20880.0,102460.0,461698.0,109614.0,27593.0,38620.0,73333.0,288263.0,0.0,2022-12-22,January 2022,Ontario,Salaried employees paid a fixed salary
0.0,2628708.0,319677.0,500.0,12512.0,0.0,68578.0,208633.0,2309030.0,301280.0,95033.0,103466.0,298212.0,47321.0,326740.0,20066.0,98756.0,480038.0,109143.0,27501.0,29904.0,79703.0,291868.0,0.0,2022-12-22,February 2022,Ontario,Salaried employees paid a fixed salary
0.0,2659989.0,324478.0,0.0,9871.0,0.0,67583.0,216222.0,2335511.0,303727.0,93218.0,93664.0,309510.0,50954.0,339198.0,17273.0,102087.0,491050.0,110634.0,28018.0,29824.0,75778.0,290576.0,0.0,2022-12-22,March 2022,Ontario,Salaried employees paid a fixed salary
0.0,2636730.0,323154.0,445.0,10467.0,27385.0,68119.0,216739.0,2313576.0,290575.0,95860.0,101211.0,307593.0,49629.0,334377.0,15579.0,101871.0,494786.0,106219.0,30456.0,29334.0,80684.0,275402.0,0.0,2022-12-22,April 2022,Ontario,Salaried employees paid a fixed salary
0.0,2579896.0,303428.0,235.0,6184.0,32426.0,70124.0,194460.0,2276468.0,288290.0,100516.0,103696.0,287316.0,56994.0,340509.0,19609.0,93300.0,455643.0,114743.0,31863.0,25997.0,72332.0,285660.0,0.0,2022-12-22,May 2022,Ontario,Salaried employees paid a fixed salary
0.0,2493604.0,298230.0,300.0,11279.0,28694.0,75248.0,182710.0,2195373.0,277111.0,91728.0,84220.0,279021.0,56112.0,338259.0,13860.0,100814.0,435231.0,99869.0,31191.0,29002.0,76117.0,282839.0,0.0,2022-12-22,June 2022,Ontario,Salaried employees paid a fixed salary
0.0,2503021.0,296390.0,278.0,9384.0,30202.0,67986.0,188539.0,2206631.0,287816.0,90093.0,106145.0,298180.0,54674.0,346012.0,24829.0,101936.0,360628.0,122968.0,33466.0,28768.0,65420.0,285694.0,0.0,2022-12-22,July 2022,Ontario,Salaried employees paid a fixed salary
0.0,2454407.0,279298.0,236.0,9801.0,24094.0,68131.0,177036.0,2175109.0,287261.0,97221.0,98650.0,293141.0,61812.0,338103.0,0.0,99693.0,333906.0,112821.0,37600.0,30437.0,69581.0,291949.0,0.0,2022-12-22,August 2022,Ontario,Salaried employees paid a fixed salary
0.0,2647188.0,270395.0,357.0,8751.0,18368.0,72991.0,169928.0,2376793.0,302412.0,100017.0,117551.0,314652.0,60117.0,336469.0,28581.0,94495.0,446547.0,118412.0,41034.0,30625.0,65833.0,320049.0,0.0,2022-12-22,September 2022,Ontario,Salaried employees paid a fixed salary
0.0,2678753.0,266176.0,327.0,11104.0,17086.0,73689.0,163971.0,2412577.0,311606.0,88745.0,111646.0,298236.0,64410.0,344868.0,29762.0,91823.0,487378.0,124588.0,37815.0,32692.0,66869.0,322139.0,0.0,2022-12-22,October 2022,Ontario,Salaried employees paid a fixed salary
0.0,3453970.0,739428.0,2216.0,15503.0,0.0,251042.0,442633.0,2714542.0,725798.0,170272.0,48479.0,55004.0,42405.0,113870.0,23577.0,240632.0,21305.0,642092.0,55327.0,338301.0,97089.0,140390.0,0.0,2022-12-22,January 2022,Ontario,Employees paid by the hour
0.0,3436972.0,736071.0,2431.0,15261.0,0.0,261445.0,434660.0,2700901.0,695012.0,170388.0,53286.0,52492.0,40105.0,100503.0,25904.0,247981.0,24638.0,649290.0,57209.0,354682.0,89927.0,139482.0,0.0,2022-12-22,February 2022,Ontario,Employees paid by the hour
0.0,3483041.0,739404.0,0.0,17549.0,0.0,271231.0,427602.0,2743637.0,706075.0,163953.0,58127.0,42727.0,39139.0,108057.0,30212.0,245680.0,24046.0,646802.0,61578.0,374045.0,93731.0,149466.0,0.0,2022-12-22,March 2022,Ontario,Employees paid by the hour
0.0,3585662.0,752144.0,2169.0,16930.0,23645.0,283135.0,426265.0,2833518.0,715716.0,170549.0,55195.0,52212.0,43613.0,108053.0,26150.0,256574.0,26176.0,663426.0,67425.0,393982.0,90252.0,164195.0,0.0,2022-12-22,April 2022,Ontario,Employees paid by the hour
0.0,3681040.0,783933.0,2591.0,21780.0,18788.0,297875.0,442899.0,2897107.0,728943.0,165328.0,51735.0,71257.0,41106.0,110160.0,23519.0,270831.0,24439.0,653442.0,78667.0,419648.0,99418.0,158614.0,0.0,2022-12-22,May 2022,Ontario,Employees paid by the hour
0.0,3832282.0,811557.0,2371.0,17241.0,23559.0,305996.0,462391.0,3020725.0,746119.0,174055.0,70401.0,76692.0,46456.0,113780.0,29664.0,273631.0,24840.0,674143.0,87428.0,436531.0,102978.0,164005.0,0.0,2022-12-22,June 2022,Ontario,Employees paid by the hour
0.0,3808842.0,816541.0,3076.0,19738.0,19796.0,309052.0,464880.0,2992301.0,750275.0,168394.0,54414.0,64886.0,46103.0,107641.0,17084.0,273131.0,25403.0,657328.0,91844.0,447768.0,117983.0,170047.0,0.0,2022-12-22,July 2022,Ontario,Employees paid by the hour
0.0,3804150.0,839135.0,3118.0,19210.0,26927.0,316533.0,473348.0,2965015.0,742905.0,163387.0,64017.0,70481.0,43149.0,102375.0,0.0,276637.0,23375.0,662090.0,88492.0,446109.0,107440.0,155812.0,0.0,2022-12-22,August 2022,Ontario,Employees paid by the hour
0.0,3775160.0,854612.0,2884.0,20431.0,31751.0,314273.0,485274.0,2920548.0,733482.0,167405.0,44948.0,50896.0,46813.0,115150.0,15635.0,285066.0,25093.0,659586.0,84201.0,449096.0,112213.0,130965.0,0.0,2022-12-22,September 2022,Ontario,Employees paid by the hour
0.0,3745660.0,842340.0,2777.0,18375.0,33658.0,299155.0,488375.0,2903320.0,725220.0,182651.0,53528.0,64966.0,40542.0,109766.0,14977.0,285577.0,26972.0,652427.0,74805.0,433549.0,108564.0,129775.0,0.0,2022-12-22,October 2022,Ontario,Employees paid by the hour
0.0,213605.0,23762.0,0.0,1064.0,0.0,5774.0,14027.0,189844.0,19601.0,11438.0,4309.0,0.0,3226.0,11781.0,0.0,4787.0,47376.0,0.0,3425.0,2581.0,5230.0,36420.0,0.0,2022-12-22,January 2022,Manitoba,Salaried employees paid a fixed salary
0.0,213368.0,24110.0,0.0,1366.0,0.0,5585.0,13785.0,189258.0,21099.0,11526.0,4979.0,24012.0,2989.0,12582.0,0.0,4585.0,50314.0,0.0,2971.0,2172.0,5605.0,37229.0,0.0,2022-12-22,February 2022,Manitoba,Salaried employees paid a fixed salary
0.0,218119.0,24431.0,0.0,907.0,0.0,5930.0,14614.0,193687.0,20188.0,11132.0,3929.0,28371.0,3095.0,12318.0,0.0,5689.0,50537.0,0.0,2720.0,2469.0,5845.0,39315.0,0.0,2022-12-22,March 2022,Manitoba,Salaried employees paid a fixed salary
0.0,221565.0,23959.0,0.0,1075.0,0.0,5785.0,14679.0,197606.0,21828.0,13401.0,3967.0,28379.0,3036.0,10883.0,0.0,5599.0,51139.0,0.0,2714.0,2710.0,7592.0,37341.0,0.0,2022-12-22,April 2022,Manitoba,Salaried employees paid a fixed salary
0.0,224238.0,22021.0,0.0,748.0,0.0,5627.0,12639.0,202217.0,22155.0,13824.0,5029.0,28822.0,3368.0,11010.0,0.0,7192.0,50092.0,0.0,3132.0,2788.0,7454.0,37377.0,0.0,2022-12-22,May 2022,Manitoba,Salaried employees paid a fixed salary
0.0,218840.0,21358.0,0.0,1438.0,0.0,5245.0,12217.0,197482.0,19939.0,13366.0,6375.0,27929.0,3360.0,10311.0,0.0,6797.0,49452.0,0.0,3496.0,2938.0,6324.0,38446.0,0.0,2022-12-22,June 2022,Manitoba,Salaried employees paid a fixed salary
0.0,211812.0,21601.0,0.0,1014.0,0.0,4544.0,13310.0,190211.0,21606.0,15762.0,11054.0,21372.0,3082.0,10791.0,0.0,7549.0,36748.0,0.0,3383.0,2955.0,5863.0,38448.0,0.0,2022-12-22,July 2022,Manitoba,Salaried employees paid a fixed salary
0.0,201085.0,21384.0,0.0,1179.0,0.0,4833.0,12995.0,179701.0,21548.0,14343.0,4924.0,26295.0,3156.0,11008.0,0.0,7205.0,29406.0,0.0,3303.0,3053.0,5761.0,38357.0,0.0,2022-12-22,August 2022,Manitoba,Salaried employees paid a fixed salary
0.0,219244.0,20010.0,0.0,1043.0,0.0,4898.0,11841.0,199234.0,21676.0,14752.0,5250.0,27138.0,3078.0,11192.0,0.0,7350.0,45357.0,0.0,3162.0,2511.0,4613.0,39181.0,0.0,2022-12-22,September 2022,Manitoba,Salaried employees paid a fixed salary
0.0,221190.0,20316.0,0.0,999.0,0.0,5354.0,12038.0,200874.0,23266.0,14227.0,3816.0,25124.0,3182.0,11123.0,0.0,7677.0,48893.0,0.0,3459.0,2800.0,5248.0,39041.0,0.0,2022-12-22,October 2022,Manitoba,Salaried employees paid a fixed salary
0.0,350653.0,68506.0,0.0,1878.0,0.0,24232.0,38779.0,282146.0,65909.0,19621.0,12731.0,0.0,3267.0,5404.0,0.0,14865.0,1771.0,0.0,6714.0,35075.0,10903.0,11460.0,0.0,2022-12-22,January 2022,Manitoba,Employees paid by the hour
0.0,351703.0,69108.0,0.0,1738.0,0.0,24699.0,39750.0,282594.0,62526.0,19428.0,12370.0,8280.0,3243.0,5099.0,0.0,14800.0,1856.0,0.0,6191.0,34264.0,10986.0,11969.0,0.0,2022-12-22,February 2022,Manitoba,Employees paid by the hour
0.0,350075.0,67992.0,0.0,2086.0,0.0,24071.0,39459.0,282083.0,64209.0,19400.0,12909.0,3594.0,3165.0,5579.0,0.0,13920.0,1775.0,0.0,6693.0,35763.0,10848.0,11082.0,0.0,2022-12-22,March 2022,Manitoba,Employees paid by the hour
0.0,350909.0,68818.0,0.0,1932.0,0.0,24598.0,39462.0,282091.0,62427.0,17869.0,13100.0,4310.0,3446.0,6173.0,0.0,13658.0,1816.0,0.0,7026.0,37382.0,10087.0,12626.0,0.0,2022-12-22,April 2022,Manitoba,Employees paid by the hour
0.0,354047.0,72410.0,0.0,2270.0,0.0,26365.0,41488.0,281637.0,62894.0,18494.0,11765.0,3399.0,3574.0,5966.0,0.0,12776.0,1704.0,0.0,8391.0,38599.0,9945.0,13184.0,0.0,2022-12-22,May 2022,Manitoba,Employees paid by the hour
0.0,373693.0,77725.0,0.0,1733.0,0.0,29869.0,43149.0,295968.0,66047.0,19493.0,10544.0,4744.0,3637.0,7229.0,0.0,14543.0,1696.0,0.0,9666.0,40361.0,11358.0,13427.0,0.0,2022-12-22,June 2022,Manitoba,Employees paid by the hour
0.0,372228.0,79446.0,0.0,2234.0,0.0,31879.0,42575.0,292782.0,65228.0,15320.0,6310.0,11507.0,4143.0,6571.0,0.0,13597.0,1384.0,0.0,10698.0,41217.0,12580.0,14125.0,0.0,2022-12-22,July 2022,Manitoba,Employees paid by the hour
0.0,375144.0,81511.0,0.0,2084.0,0.0,32247.0,43991.0,293633.0,65404.0,17692.0,12352.0,6195.0,3841.0,6133.0,0.0,13733.0,1281.0,0.0,10094.0,39893.0,12662.0,14596.0,0.0,2022-12-22,August 2022,Manitoba,Employees paid by the hour
0.0,373909.0,83036.0,0.0,2237.0,0.0,32073.0,45231.0,290873.0,65814.0,17212.0,11655.0,5692.0,3948.0,5880.0,0.0,13682.0,1574.0,0.0,10219.0,41543.0,14062.0,12553.0,0.0,2022-12-22,September 2022,Manitoba,Employees paid by the hour
0.0,368670.0,81490.0,0.0,2181.0,0.0,31385.0,44368.0,287180.0,63429.0,17872.0,13184.0,6055.0,3427.0,6022.0,0.0,12800.0,1755.0,0.0,8757.0,40368.0,12869.0,11610.0,0.0,2022-12-22,October 2022,Manitoba,Employees paid by the hour
0.0,180663.0,24110.0,62.0,10065.0,0.0,3887.0,6284.0,156554.0,18840.0,5556.0,0.0,15437.0,1733.0,9077.0,0.0,3012.0,44980.0,10577.0,2117.0,2987.0,3959.0,31564.0,0.0,2022-12-22,January 2022,Saskatchewan,Salaried employees paid a fixed salary
0.0,178332.0,23052.0,0.0,8263.0,3755.0,4405.0,6564.0,155280.0,20486.0,5576.0,0.0,16669.0,1710.0,9856.0,0.0,2539.0,45548.0,9369.0,1925.0,2213.0,3959.0,28630.0,0.0,2022-12-22,February 2022,Saskatchewan,Salaried employees paid a fixed salary
0.0,175323.0,21958.0,0.0,7784.0,3446.0,3613.0,7077.0,153365.0,18347.0,5193.0,0.0,17298.0,1868.0,9626.0,0.0,2704.0,45939.0,7182.0,1899.0,2831.0,3764.0,30634.0,0.0,2022-12-22,March 2022,Saskatchewan,Salaried employees paid a fixed salary
0.0,181897.0,23255.0,77.0,9201.0,3357.0,3958.0,6663.0,158641.0,19821.0,5545.0,0.0,18215.0,1787.0,9481.0,0.0,2887.0,45848.0,7606.0,2274.0,2930.0,3251.0,33208.0,0.0,2022-12-22,April 2022,Saskatchewan,Salaried employees paid a fixed salary
0.0,180275.0,20003.0,0.0,6354.0,3520.0,3490.0,6578.0,160272.0,19925.0,5235.0,0.0,17863.0,2059.0,9104.0,0.0,2944.0,44491.0,7546.0,2434.0,2956.0,3356.0,35902.0,0.0,2022-12-22,May 2022,Saskatchewan,Salaried employees paid a fixed salary
0.0,180037.0,21625.0,0.0,8176.0,3563.0,3811.0,6035.0,158412.0,18304.0,5133.0,0.0,18461.0,1939.0,9416.0,0.0,2839.0,44489.0,8828.0,2436.0,2751.0,3720.0,33911.0,0.0,2022-12-22,June 2022,Saskatchewan,Salaried employees paid a fixed salary
0.0,164862.0,20523.0,0.0,6597.0,3757.0,3353.0,6782.0,144339.0,19093.0,4683.0,0.0,19470.0,1899.0,9422.0,0.0,2781.0,25177.0,9171.0,2396.0,1875.0,4125.0,37157.0,0.0,2022-12-22,July 2022,Saskatchewan,Salaried employees paid a fixed salary
0.0,162151.0,22437.0,0.0,9019.0,3419.0,3339.0,6621.0,139715.0,19193.0,5035.0,0.0,18280.0,2011.0,9583.0,0.0,2972.0,23810.0,9019.0,2784.0,2039.0,4006.0,34462.0,0.0,2022-12-22,August 2022,Saskatchewan,Salaried employees paid a fixed salary
0.0,179909.0,20573.0,0.0,7993.0,3154.0,2795.0,6566.0,159336.0,20084.0,4890.0,0.0,18004.0,1860.0,8882.0,0.0,2850.0,43116.0,9351.0,2335.0,2210.0,3873.0,35200.0,0.0,2022-12-22,September 2022,Saskatchewan,Salaried employees paid a fixed salary
0.0,179267.0,20538.0,0.0,7432.0,3298.0,3420.0,6329.0,158729.0,20704.0,4740.0,0.0,17654.0,2018.0,8453.0,0.0,2758.0,44996.0,9001.0,1630.0,1987.0,3931.0,35223.0,0.0,2022-12-22,October 2022,Saskatchewan,Salaried employees paid a fixed salary
0.0,270144.0,45557.0,323.0,6507.0,0.0,20555.0,17204.0,224587.0,64974.0,10114.0,0.0,5627.0,2197.0,6344.0,0.0,9146.0,1644.0,59418.0,4525.0,27679.0,10897.0,17781.0,0.0,2022-12-22,January 2022,Saskatchewan,Employees paid by the hour
0.0,272844.0,47880.0,0.0,8467.0,930.0,21086.0,17050.0,224964.0,61988.0,10343.0,0.0,4740.0,2518.0,5994.0,0.0,9513.0,1765.0,60433.0,4550.0,28123.0,10859.0,19925.0,0.0,2022-12-22,February 2022,Saskatchewan,Employees paid by the hour
0.0,276230.0,49352.0,0.0,8980.0,1194.0,21679.0,17028.0,226879.0,63540.0,10412.0,0.0,3990.0,2337.0,5993.0,0.0,9133.0,1583.0,62960.0,4522.0,28554.0,10463.0,18616.0,0.0,2022-12-22,March 2022,Saskatchewan,Employees paid by the hour
0.0,273195.0,49836.0,455.0,7880.0,1378.0,22603.0,17519.0,223359.0,62566.0,10411.0,0.0,3587.0,2523.0,5817.0,0.0,9104.0,1744.0,63145.0,4797.0,29958.0,11698.0,12781.0,0.0,2022-12-22,April 2022,Saskatchewan,Employees paid by the hour
0.0,286030.0,55258.0,0.0,10846.0,1278.0,25283.0,17488.0,230772.0,64518.0,10439.0,0.0,3725.0,2502.0,6980.0,0.0,9262.0,1597.0,62949.0,5613.0,31470.0,12049.0,14855.0,0.0,2022-12-22,May 2022,Saskatchewan,Employees paid by the hour
0.0,295268.0,55562.0,0.0,8953.0,1396.0,26313.0,18546.0,239705.0,66284.0,10831.0,0.0,3368.0,3092.0,6985.0,0.0,9741.0,1688.0,61892.0,6259.0,33524.0,12032.0,18714.0,0.0,2022-12-22,June 2022,Saskatchewan,Employees paid by the hour
0.0,294486.0,57852.0,0.0,10658.0,1084.0,27740.0,17930.0,236634.0,66415.0,10906.0,0.0,2244.0,3108.0,6953.0,0.0,10491.0,1550.0,61727.0,6765.0,34898.0,11789.0,15388.0,0.0,2022-12-22,July 2022,Saskatchewan,Employees paid by the hour
0.0,294481.0,56976.0,0.0,8599.0,1463.0,27989.0,18432.0,237505.0,66332.0,10847.0,0.0,3214.0,2909.0,6587.0,0.0,9566.0,1450.0,61617.0,6851.0,34574.0,11722.0,16698.0,0.0,2022-12-22,August 2022,Saskatchewan,Employees paid by the hour
0.0,292749.0,58824.0,0.0,9736.0,1751.0,28578.0,18282.0,233925.0,64482.0,11560.0,0.0,3211.0,2756.0,6801.0,0.0,9458.0,1586.0,61348.0,6760.0,33857.0,11430.0,16180.0,0.0,2022-12-22,September 2022,Saskatchewan,Employees paid by the hour
0.0,290373.0,57534.0,0.0,9853.0,1437.0,27423.0,18383.0,232839.0,63219.0,11742.0,0.0,3671.0,2668.0,7237.0,0.0,9251.0,1701.0,62226.0,6410.0,33058.0,11267.0,14813.0,0.0,2022-12-22,October 2022,Saskatchewan,Employees paid by the hour
0.0,745438.0,148285.0,560.0,63827.0,0.0,36933.0,38036.0,597152.0,89260.0,38810.0,12610.0,52150.0,14726.0,68115.0,0.0,27245.0,132048.0,40413.0,0.0,11313.0,18775.0,73901.0,0.0,2022-12-22,January 2022,Alberta,Salaried employees paid a fixed salary
0.0,737947.0,146354.0,0.0,62224.0,0.0,33922.0,37900.0,591593.0,85834.0,38074.0,12654.0,50918.0,14174.0,69004.0,0.0,22659.0,134284.0,40436.0,0.0,11238.0,19166.0,74196.0,0.0,2022-12-22,February 2022,Alberta,Salaried employees paid a fixed salary
0.0,722881.0,144653.0,0.0,61042.0,10759.0,31076.0,41085.0,578228.0,84065.0,35889.0,11336.0,50348.0,15649.0,68481.0,0.0,24038.0,135313.0,35788.0,0.0,10305.0,18554.0,70713.0,0.0,2022-12-22,March 2022,Alberta,Salaried employees paid a fixed salary
0.0,722474.0,143223.0,471.0,62531.0,9498.0,35089.0,35634.0,579251.0,82449.0,35045.0,11274.0,54050.0,13896.0,70430.0,0.0,24117.0,135516.0,31906.0,0.0,10959.0,19208.0,71370.0,0.0,2022-12-22,April 2022,Alberta,Salaried employees paid a fixed salary
0.0,729473.0,145812.0,418.0,65650.0,11015.0,33321.0,35409.0,583660.0,79236.0,37994.0,11879.0,51638.0,15955.0,69676.0,0.0,23874.0,132730.0,38347.0,0.0,10109.0,19006.0,74699.0,0.0,2022-12-22,May 2022,Alberta,Salaried employees paid a fixed salary
0.0,738110.0,134328.0,363.0,62943.0,9778.0,32488.0,28756.0,603782.0,73249.0,34952.0,11268.0,54507.0,14051.0,71010.0,0.0,26286.0,131961.0,64253.0,0.0,9560.0,19559.0,73765.0,0.0,2022-12-22,June 2022,Alberta,Salaried employees paid a fixed salary
0.0,700187.0,138206.0,313.0,61874.0,10707.0,34847.0,30465.0,561981.0,79769.0,31041.0,12680.0,56256.0,13620.0,72545.0,0.0,22862.0,117404.0,38494.0,0.0,9864.0,19204.0,70556.0,0.0,2022-12-22,July 2022,Alberta,Salaried employees paid a fixed salary
0.0,698422.0,141275.0,56.0,66271.0,10401.0,32079.0,32468.0,557147.0,77929.0,36360.0,12134.0,53673.0,16147.0,67612.0,0.0,21276.0,103738.0,39057.0,0.0,11350.0,17871.0,81124.0,0.0,2022-12-22,August 2022,Alberta,Salaried employees paid a fixed salary
0.0,716974.0,134595.0,384.0,64107.0,7686.0,32040.0,30379.0,582379.0,76172.0,34233.0,12978.0,54571.0,17080.0,67043.0,0.0,20744.0,130305.0,42353.0,0.0,11014.0,17730.0,79201.0,0.0,2022-12-22,September 2022,Alberta,Salaried employees paid a fixed salary
0.0,730067.0,133783.0,320.0,58580.0,8637.0,34558.0,31687.0,596284.0,84766.0,34081.0,11458.0,55167.0,18830.0,72273.0,0.0,20213.0,134491.0,41450.0,0.0,12106.0,15599.0,75855.0,0.0,2022-12-22,October 2022,Alberta,Salaried employees paid a fixed salary
0.0,1035420.0,221374.0,2480.0,27269.0,0.0,111441.0,73608.0,814046.0,232021.0,53865.0,11451.0,10480.0,15181.0,39247.0,0.0,53283.0,5834.0,177075.0,0.0,122548.0,40124.0,28225.0,0.0,2022-12-22,January 2022,Alberta,Employees paid by the hour
0.0,1059128.0,232337.0,0.0,30541.0,0.0,120596.0,74739.0,826792.0,226727.0,55022.0,12094.0,11603.0,16930.0,40409.0,0.0,57773.0,6073.0,183060.0,0.0,122478.0,40667.0,28915.0,0.0,2022-12-22,February 2022,Alberta,Employees paid by the hour
0.0,1086876.0,235362.0,0.0,29324.0,5143.0,124432.0,73617.0,851514.0,232212.0,54295.0,13095.0,11732.0,16044.0,44322.0,0.0,56695.0,4775.0,189477.0,0.0,128855.0,41611.0,30459.0,0.0,2022-12-22,March 2022,Alberta,Employees paid by the hour
0.0,1115670.0,239934.0,2445.0,27986.0,6215.0,122567.0,80721.0,875737.0,233117.0,61175.0,13674.0,10170.0,18154.0,41131.0,0.0,59097.0,5836.0,194432.0,0.0,133947.0,42026.0,33141.0,0.0,2022-12-22,April 2022,Alberta,Employees paid by the hour
0.0,1137737.0,250046.0,2014.0,29805.0,4734.0,132757.0,80736.0,887691.0,240919.0,55259.0,12993.0,13199.0,16035.0,43552.0,0.0,61250.0,5533.0,187596.0,0.0,140864.0,43871.0,32855.0,0.0,2022-12-22,May 2022,Alberta,Employees paid by the hour
0.0,1141723.0,253189.0,2130.0,31489.0,6304.0,139398.0,73868.0,888534.0,248515.0,59679.0,13382.0,11027.0,19296.0,43888.0,0.0,62107.0,5667.0,163779.0,0.0,145646.0,43942.0,36580.0,0.0,2022-12-22,June 2022,Alberta,Employees paid by the hour
0.0,1179816.0,253137.0,2183.0,31624.0,6823.0,141403.0,71104.0,926678.0,243732.0,65900.0,12909.0,8739.0,19192.0,43724.0,0.0,66756.0,6027.0,189588.0,0.0,148034.0,45570.0,38275.0,0.0,2022-12-22,July 2022,Alberta,Employees paid by the hour
0.0,1177933.0,266694.0,2948.0,26484.0,7375.0,144354.0,85533.0,911239.0,246350.0,62619.0,13506.0,11390.0,18404.0,46073.0,0.0,66160.0,5613.0,185396.0,0.0,144361.0,47342.0,28188.0,0.0,2022-12-22,August 2022,Alberta,Employees paid by the hour
0.0,1202226.0,276047.0,2926.0,29616.0,9749.0,147210.0,86545.0,926180.0,249569.0,67443.0,12168.0,10493.0,17432.0,48537.0,0.0,66998.0,6349.0,187499.0,0.0,145189.0,48001.0,30206.0,0.0,2022-12-22,September 2022,Alberta,Employees paid by the hour
0.0,1180086.0,273362.0,2765.0,35256.0,8122.0,141671.0,85548.0,906724.0,243384.0,66714.0,14123.0,10118.0,14948.0,43781.0,0.0,63887.0,6782.0,189025.0,0.0,141199.0,46071.0,33814.0,0.0,2022-12-22,October 2022,Alberta,Employees paid by the hour
0.0,842475.0,85713.0,2905.0,10867.0,0.0,25646.0,40419.0,756762.0,82089.0,46366.0,41023.0,64575.0,22021.0,110588.0,0.0,29258.0,164437.0,36954.0,12761.0,21493.0,21783.0,94752.0,0.0,2022-12-22,January 2022,British Columbia,Salaried employees paid a fixed salary
0.0,856286.0,85759.0,0.0,9870.0,0.0,26581.0,39255.0,770528.0,87893.0,42340.0,43162.0,66411.0,21296.0,112835.0,0.0,27701.0,170907.0,35954.0,12715.0,22922.0,23442.0,94941.0,0.0,2022-12-22,February 2022,British Columbia,Salaried employees paid a fixed salary
0.0,850659.0,86613.0,2668.0,9341.0,0.0,27309.0,40745.0,764045.0,85861.0,43838.0,33158.0,66030.0,23010.0,111073.0,0.0,30229.0,174300.0,33142.0,12368.0,24152.0,23795.0,95711.0,0.0,2022-12-22,March 2022,British Columbia,Salaried employees paid a fixed salary
0.0,856363.0,87853.0,1864.0,9198.0,5943.0,30069.0,40778.0,768510.0,83636.0,44779.0,36503.0,70156.0,21148.0,122053.0,0.0,30481.0,171150.0,30690.0,13352.0,21821.0,21164.0,94099.0,0.0,2022-12-22,April 2022,British Columbia,Salaried employees paid a fixed salary
0.0,836238.0,79982.0,1607.0,7976.0,7049.0,25812.0,37537.0,756256.0,84283.0,42441.0,41862.0,64071.0,24290.0,116181.0,0.0,28983.0,164717.0,32968.0,12503.0,20633.0,18387.0,94956.0,0.0,2022-12-22,May 2022,British Columbia,Salaried employees paid a fixed salary
0.0,830717.0,82993.0,1056.0,10337.0,6810.0,29806.0,34984.0,747724.0,80600.0,38755.0,33937.0,67629.0,24774.0,109417.0,0.0,30323.0,166815.0,34379.0,11926.0,22288.0,19572.0,97971.0,0.0,2022-12-22,June 2022,British Columbia,Salaried employees paid a fixed salary
0.0,798590.0,88522.0,700.0,10971.0,7099.0,30936.0,38815.0,710068.0,81107.0,41067.0,42258.0,70157.0,24551.0,114613.0,0.0,28594.0,117885.0,36521.0,11337.0,20711.0,19246.0,91737.0,0.0,2022-12-22,July 2022,British Columbia,Salaried employees paid a fixed salary
0.0,790311.0,84254.0,0.0,12074.0,6491.0,27726.0,37988.0,706056.0,86952.0,45192.0,39333.0,69181.0,27553.0,116277.0,0.0,29129.0,96657.0,34696.0,13288.0,21154.0,20628.0,96056.0,0.0,2022-12-22,August 2022,British Columbia,Salaried employees paid a fixed salary
0.0,866498.0,80026.0,1490.0,7463.0,5350.0,28726.0,36997.0,786472.0,82895.0,46454.0,44101.0,75486.0,26417.0,117152.0,0.0,28115.0,162980.0,35076.0,13865.0,20654.0,18957.0,103940.0,0.0,2022-12-22,September 2022,British Columbia,Salaried employees paid a fixed salary
0.0,855301.0,85964.0,1224.0,8931.0,5873.0,32633.0,37302.0,769337.0,86275.0,43842.0,37541.0,70358.0,26393.0,118358.0,0.0,28337.0,164345.0,36593.0,14276.0,19081.0,14604.0,99751.0,0.0,2022-12-22,October 2022,British Columbia,Salaried employees paid a fixed salary
0.0,1333596.0,257210.0,8585.0,9585.0,0.0,129699.0,103147.0,1076386.0,277278.0,61593.0,16189.0,25123.0,18196.0,43534.0,0.0,72407.0,11320.0,259304.0,27272.0,165155.0,44358.0,45483.0,0.0,2022-12-22,January 2022,British Columbia,Employees paid by the hour
0.0,1346452.0,267797.0,0.0,11106.0,0.0,134183.0,107326.0,1078655.0,265366.0,66782.0,16173.0,23334.0,19491.0,43517.0,0.0,73534.0,11489.0,263597.0,28486.0,167791.0,42505.0,46393.0,0.0,2022-12-22,February 2022,British Columbia,Employees paid by the hour
0.0,1371764.0,268338.0,11947.0,11482.0,0.0,134950.0,104632.0,1103426.0,268055.0,65248.0,25480.0,22176.0,15519.0,48885.0,0.0,72887.0,11147.0,268615.0,30821.0,172360.0,43577.0,47562.0,0.0,2022-12-22,March 2022,British Columbia,Employees paid by the hour
0.0,1392185.0,271878.0,11902.0,11570.0,5920.0,135250.0,107236.0,1120307.0,269352.0,67473.0,23919.0,20803.0,17280.0,39101.0,0.0,74881.0,11209.0,271113.0,32480.0,184619.0,47346.0,49892.0,0.0,2022-12-22,April 2022,British Columbia,Employees paid by the hour
0.0,1425258.0,283209.0,13001.0,13234.0,4763.0,142107.0,110103.0,1142049.0,272077.0,69418.0,19327.0,25324.0,17824.0,48168.0,0.0,77649.0,11369.0,270452.0,31586.0,190249.0,48625.0,50853.0,0.0,2022-12-22,May 2022,British Columbia,Employees paid by the hour
0.0,1464775.0,287721.0,13428.0,12118.0,5267.0,142154.0,114754.0,1177054.0,278613.0,74145.0,26619.0,21465.0,18445.0,54419.0,0.0,79010.0,11508.0,271826.0,34195.0,195940.0,51209.0,49681.0,0.0,2022-12-22,June 2022,British Columbia,Employees paid by the hour
0.0,1475713.0,286604.0,15516.0,11315.0,4781.0,144829.0,110162.0,1189109.0,283146.0,71718.0,20195.0,21637.0,18818.0,52143.0,0.0,82841.0,13051.0,270638.0,36808.0,200204.0,50353.0,58706.0,0.0,2022-12-22,July 2022,British Columbia,Employees paid by the hour
0.0,1459274.0,292527.0,0.0,11450.0,5674.0,149009.0,110137.0,1166748.0,275676.0,70454.0,24294.0,21823.0,16276.0,48217.0,0.0,81108.0,12043.0,271783.0,34456.0,200031.0,48088.0,53293.0,0.0,2022-12-22,August 2022,British Columbia,Employees paid by the hour
0.0,1453870.0,297421.0,13312.0,16801.0,6842.0,149593.0,110873.0,1156449.0,278877.0,69927.0,17759.0,16480.0,17040.0,51322.0,0.0,83367.0,10383.0,274364.0,33339.0,198556.0,49844.0,46381.0,0.0,2022-12-22,September 2022,British Columbia,Employees paid by the hour
0.0,1444845.0,284965.0,11937.0,14957.0,6201.0,143515.0,108355.0,1159880.0,273262.0,70451.0,26075.0,19381.0,15984.0,48008.0,0.0,81176.0,10838.0,272412.0,30440.0,195309.0,53478.0,51360.0,0.0,2022-12-22,October 2022,British Columbia,Employees paid by the hour
0.0,9346.0,0.0,0.0,0.0,0.0,0.0,0.0,8737.0,568.0,380.0,0.0,273.0,0.0,0.0,0.0,80.0,0.0,251.0,0.0,163.0,0.0,4395.0,0.0,2022-12-22,January 2022,Yukon,Salaried employees paid a fixed salary
0.0,9281.0,0.0,0.0,0.0,0.0,0.0,0.0,8616.0,512.0,387.0,0.0,268.0,0.0,0.0,0.0,68.0,0.0,147.0,0.0,166.0,0.0,4354.0,0.0,2022-12-22,February 2022,Yukon,Salaried employees paid a fixed salary
0.0,9494.0,0.0,0.0,0.0,0.0,0.0,0.0,8826.0,516.0,379.0,0.0,263.0,0.0,0.0,0.0,47.0,0.0,0.0,0.0,179.0,0.0,4616.0,0.0,2022-12-22,March 2022,Yukon,Salaried employees paid a fixed salary
0.0,9415.0,0.0,0.0,0.0,0.0,0.0,0.0,8802.0,571.0,382.0,0.0,278.0,0.0,0.0,0.0,43.0,0.0,103.0,0.0,231.0,0.0,4509.0,0.0,2022-12-22,April 2022,Yukon,Salaried employees paid a fixed salary
0.0,9444.0,0.0,0.0,0.0,0.0,0.0,0.0,8867.0,509.0,385.0,0.0,0.0,0.0,0.0,0.0,63.0,0.0,153.0,0.0,220.0,0.0,4524.0,0.0,2022-12-22,May 2022,Yukon,Salaried employees paid a fixed salary
0.0,9643.0,0.0,0.0,0.0,0.0,0.0,0.0,8965.0,470.0,274.0,0.0,0.0,0.0,0.0,0.0,93.0,0.0,0.0,0.0,220.0,0.0,4671.0,0.0,2022-12-22,June 2022,Yukon,Salaried employees paid a fixed salary
0.0,8888.0,0.0,0.0,0.0,0.0,0.0,0.0,8189.0,491.0,361.0,0.0,0.0,0.0,0.0,0.0,96.0,0.0,0.0,0.0,289.0,0.0,4532.0,0.0,2022-12-22,July 2022,Yukon,Salaried employees paid a fixed salary
0.0,9355.0,0.0,0.0,0.0,0.0,0.0,0.0,8603.0,472.0,257.0,0.0,0.0,0.0,0.0,0.0,79.0,0.0,128.0,0.0,275.0,0.0,4508.0,0.0,2022-12-22,August 2022,Yukon,Salaried employees paid a fixed salary
0.0,9298.0,0.0,0.0,0.0,0.0,0.0,0.0,8578.0,464.0,247.0,0.0,0.0,0.0,0.0,0.0,66.0,0.0,0.0,0.0,229.0,0.0,4508.0,0.0,2022-12-22,September 2022,Yukon,Salaried employees paid a fixed salary
0.0,9404.0,0.0,0.0,0.0,0.0,0.0,0.0,8684.0,480.0,258.0,0.0,264.0,0.0,0.0,0.0,51.0,0.0,122.0,0.0,187.0,0.0,4653.0,0.0,2022-12-22,October 2022,Yukon,Salaried employees paid a fixed salary
0.0,11362.0,0.0,0.0,0.0,0.0,0.0,0.0,9358.0,2319.0,616.0,0.0,42.0,0.0,0.0,0.0,395.0,0.0,1322.0,0.0,1176.0,0.0,2357.0,0.0,2022-12-22,January 2022,Yukon,Employees paid by the hour
0.0,11465.0,0.0,0.0,0.0,0.0,0.0,0.0,9459.0,2233.0,616.0,0.0,40.0,0.0,0.0,0.0,405.0,0.0,1442.0,0.0,1170.0,0.0,2403.0,0.0,2022-12-22,February 2022,Yukon,Employees paid by the hour
0.0,11786.0,0.0,0.0,0.0,0.0,0.0,0.0,9742.0,2235.0,646.0,0.0,55.0,0.0,0.0,0.0,383.0,0.0,0.0,0.0,1203.0,0.0,2437.0,0.0,2022-12-22,March 2022,Yukon,Employees paid by the hour
0.0,12004.0,0.0,0.0,0.0,0.0,0.0,0.0,9787.0,2253.0,790.0,0.0,37.0,0.0,0.0,0.0,362.0,0.0,1501.0,0.0,1214.0,0.0,2386.0,0.0,2022-12-22,April 2022,Yukon,Employees paid by the hour
0.0,12473.0,0.0,0.0,0.0,0.0,0.0,0.0,9969.0,2309.0,690.0,0.0,0.0,0.0,0.0,0.0,418.0,0.0,1452.0,0.0,1441.0,0.0,2314.0,0.0,2022-12-22,May 2022,Yukon,Employees paid by the hour
0.0,13529.0,0.0,0.0,0.0,0.0,0.0,0.0,10661.0,2352.0,873.0,0.0,0.0,0.0,0.0,0.0,405.0,0.0,0.0,0.0,1543.0,0.0,2715.0,0.0,2022-12-22,June 2022,Yukon,Employees paid by the hour
0.0,13608.0,0.0,0.0,0.0,0.0,0.0,0.0,10683.0,2361.0,768.0,0.0,0.0,0.0,0.0,0.0,388.0,0.0,0.0,0.0,1652.0,0.0,2807.0,0.0,2022-12-22,July 2022,Yukon,Employees paid by the hour
0.0,13749.0,0.0,0.0,0.0,0.0,0.0,0.0,10539.0,2371.0,669.0,0.0,0.0,0.0,0.0,0.0,346.0,0.0,1481.0,0.0,1720.0,0.0,2605.0,0.0,2022-12-22,August 2022,Yukon,Employees paid by the hour
0.0,13580.0,0.0,0.0,0.0,0.0,0.0,0.0,10468.0,2437.0,664.0,0.0,0.0,0.0,0.0,0.0,394.0,0.0,0.0,0.0,1640.0,0.0,2588.0,0.0,2022-12-22,September 2022,Yukon,Employees paid by the hour
0.0,13109.0,0.0,0.0,0.0,0.0,0.0,0.0,10217.0,2476.0,647.0,0.0,24.0,0.0,0.0,0.0,388.0,0.0,1497.0,0.0,1462.0,0.0,2579.0,0.0,2022-12-22,October 2022,Yukon,Employees paid by the hour
0.0,11865.0,1742.0,0.0,0.0,0.0,145.0,0.0,10123.0,537.0,656.0,0.0,0.0,0.0,516.0,0.0,0.0,0.0,162.0,0.0,210.0,281.0,4906.0,0.0,2022-12-22,January 2022,Northwest Territories,Salaried employees paid a fixed salary
0.0,11973.0,1653.0,0.0,0.0,0.0,84.0,0.0,10319.0,613.0,678.0,0.0,0.0,0.0,512.0,0.0,0.0,0.0,153.0,0.0,144.0,360.0,5014.0,0.0,2022-12-22,February 2022,Northwest Territories,Salaried employees paid a fixed salary
0.0,11666.0,1527.0,0.0,0.0,0.0,72.0,0.0,10138.0,599.0,648.0,0.0,0.0,0.0,514.0,0.0,0.0,0.0,134.0,0.0,148.0,331.0,4857.0,0.0,2022-12-22,March 2022,Northwest Territories,Salaried employees paid a fixed salary
0.0,11632.0,1721.0,0.0,0.0,0.0,119.0,0.0,9911.0,612.0,545.0,0.0,466.0,0.0,372.0,0.0,0.0,0.0,0.0,0.0,174.0,268.0,4955.0,0.0,2022-12-22,April 2022,Northwest Territories,Salaried employees paid a fixed salary
0.0,12257.0,2316.0,0.0,0.0,0.0,209.0,0.0,9941.0,556.0,530.0,0.0,0.0,0.0,402.0,0.0,0.0,0.0,0.0,0.0,168.0,221.0,5032.0,0.0,2022-12-22,May 2022,Northwest Territories,Salaried employees paid a fixed salary
0.0,11937.0,2077.0,0.0,0.0,0.0,248.0,0.0,9860.0,501.0,580.0,0.0,0.0,0.0,365.0,0.0,0.0,0.0,160.0,0.0,0.0,198.0,4886.0,0.0,2022-12-22,June 2022,Northwest Territories,Salaried employees paid a fixed salary
0.0,13160.0,2402.0,0.0,0.0,0.0,283.0,0.0,10758.0,573.0,592.0,0.0,0.0,0.0,320.0,0.0,0.0,0.0,512.0,0.0,0.0,181.0,5542.0,0.0,2022-12-22,July 2022,Northwest Territories,Salaried employees paid a fixed salary
0.0,12549.0,2153.0,0.0,0.0,0.0,268.0,0.0,10396.0,572.0,576.0,0.0,294.0,0.0,342.0,0.0,0.0,0.0,517.0,0.0,242.0,213.0,5354.0,0.0,2022-12-22,August 2022,Northwest Territories,Salaried employees paid a fixed salary
0.0,12731.0,2141.0,0.0,0.0,0.0,272.0,0.0,10590.0,422.0,570.0,0.0,316.0,0.0,332.0,0.0,0.0,0.0,516.0,0.0,282.0,238.0,5370.0,0.0,2022-12-22,September 2022,Northwest Territories,Salaried employees paid a fixed salary
0.0,13182.0,2447.0,0.0,0.0,0.0,548.0,0.0,10734.0,446.0,529.0,0.0,335.0,0.0,370.0,0.0,0.0,0.0,475.0,0.0,0.0,209.0,5513.0,0.0,2022-12-22,October 2022,Northwest Territories,Salaried employees paid a fixed salary
0.0,12568.0,3011.0,0.0,0.0,0.0,1853.0,0.0,9557.0,2263.0,470.0,0.0,0.0,0.0,349.0,0.0,0.0,0.0,1581.0,0.0,1158.0,411.0,2346.0,0.0,2022-12-22,January 2022,Northwest Territories,Employees paid by the hour
0.0,13065.0,3251.0,0.0,0.0,0.0,1928.0,0.0,9814.0,2283.0,536.0,0.0,0.0,0.0,364.0,0.0,0.0,0.0,1635.0,0.0,1119.0,491.0,2346.0,0.0,2022-12-22,February 2022,Northwest Territories,Employees paid by the hour
0.0,13729.0,3267.0,0.0,0.0,0.0,2054.0,0.0,10462.0,2480.0,581.0,0.0,0.0,0.0,360.0,0.0,0.0,0.0,1721.0,0.0,1145.0,578.0,2483.0,0.0,2022-12-22,March 2022,Northwest Territories,Employees paid by the hour
0.0,13554.0,3093.0,0.0,0.0,0.0,1986.0,0.0,10461.0,2242.0,707.0,0.0,10.0,0.0,264.0,0.0,0.0,0.0,0.0,0.0,1181.0,594.0,2567.0,0.0,2022-12-22,April 2022,Northwest Territories,Employees paid by the hour
0.0,12594.0,2298.0,0.0,0.0,0.0,1782.0,0.0,10296.0,2107.0,731.0,0.0,0.0,0.0,251.0,0.0,0.0,0.0,0.0,0.0,1188.0,592.0,2603.0,0.0,2022-12-22,May 2022,Northwest Territories,Employees paid by the hour
0.0,14027.0,2485.0,0.0,0.0,0.0,1982.0,0.0,11542.0,2238.0,889.0,0.0,0.0,0.0,272.0,0.0,0.0,0.0,1703.0,0.0,0.0,706.0,3151.0,0.0,2022-12-22,June 2022,Northwest Territories,Employees paid by the hour
0.0,13531.0,2607.0,0.0,0.0,0.0,2027.0,0.0,10924.0,2200.0,871.0,0.0,0.0,0.0,321.0,0.0,0.0,0.0,1483.0,0.0,0.0,757.0,2860.0,0.0,2022-12-22,July 2022,Northwest Territories,Employees paid by the hour
0.0,13910.0,2877.0,0.0,0.0,0.0,2088.0,0.0,11033.0,2209.0,909.0,0.0,195.0,0.0,289.0,0.0,0.0,0.0,1466.0,0.0,1174.0,637.0,3002.0,0.0,2022-12-22,August 2022,Northwest Territories,Employees paid by the hour
0.0,13583.0,2870.0,0.0,0.0,0.0,2119.0,0.0,10712.0,2247.0,883.0,0.0,173.0,0.0,310.0,0.0,0.0,0.0,1425.0,0.0,1177.0,628.0,2658.0,0.0,2022-12-22,September 2022,Northwest Territories,Employees paid by the hour
0.0,13352.0,2554.0,0.0,0.0,0.0,1881.0,0.0,10798.0,2277.0,932.0,0.0,166.0,0.0,283.0,0.0,0.0,0.0,1536.0,0.0,0.0,609.0,2389.0,0.0,2022-12-22,October 2022,Northwest Territories,Employees paid by the hour
0.0,8780.0,2043.0,0.0,0.0,0.0,0.0,0.0,6737.0,212.0,282.0,0.0,0.0,0.0,0.0,0.0,0.0,0.0,441.0,0.0,0.0,0.0,0.0,0.0,2022-12-22,January 2022,Nunavut,Salaried employees paid a fixed salary
0.0,8852.0,1897.0,0.0,0.0,0.0,96.0,0.0,6955.0,0.0,350.0,0.0,0.0,0.0,0.0,0.0,0.0,0.0,448.0,0.0,0.0,0.0,0.0,0.0,2022-12-22,February 2022,Nunavut,Salaried employees paid a fixed salary
0.0,8828.0,1530.0,0.0,0.0,0.0,106.0,0.0,7298.0,0.0,335.0,0.0,0.0,0.0,0.0,0.0,0.0,0.0,433.0,0.0,0.0,0.0,0.0,0.0,2022-12-22,March 2022,Nunavut,Salaried employees paid a fixed salary
0.0,9005.0,1528.0,0.0,0.0,0.0,114.0,0.0,7477.0,0.0,404.0,0.0,0.0,0.0,0.0,0.0,0.0,0.0,469.0,0.0,0.0,0.0,0.0,0.0,2022-12-22,April 2022,Nunavut,Salaried employees paid a fixed salary
0.0,8687.0,1433.0,0.0,0.0,0.0,122.0,0.0,7253.0,183.0,405.0,0.0,0.0,0.0,0.0,0.0,0.0,0.0,510.0,0.0,0.0,0.0,0.0,0.0,2022-12-22,May 2022,Nunavut,Salaried employees paid a fixed salary
0.0,8826.0,2156.0,0.0,0.0,0.0,0.0,0.0,6670.0,145.0,306.0,0.0,0.0,0.0,0.0,0.0,0.0,0.0,499.0,0.0,0.0,0.0,0.0,0.0,2022-12-22,June 2022,Nunavut,Salaried employees paid a fixed salary
0.0,7949.0,1562.0,0.0,0.0,0.0,0.0,0.0,6388.0,175.0,382.0,0.0,0.0,0.0,0.0,0.0,0.0,0.0,0.0,0.0,0.0,0.0,0.0,0.0,2022-12-22,July 2022,Nunavut,Salaried employees paid a fixed salary
0.0,8147.0,1903.0,0.0,0.0,0.0,104.0,0.0,6244.0,198.0,410.0,0.0,0.0,0.0,0.0,0.0,0.0,0.0,498.0,0.0,0.0,0.0,0.0,0.0,2022-12-22,August 2022,Nunavut,Salaried employees paid a fixed salary
0.0,7814.0,1332.0,0.0,0.0,0.0,128.0,0.0,6482.0,153.0,428.0,0.0,0.0,0.0,0.0,0.0,0.0,0.0,458.0,0.0,0.0,0.0,0.0,0.0,2022-12-22,September 2022,Nunavut,Salaried employees paid a fixed salary
0.0,8121.0,1741.0,0.0,0.0,0.0,117.0,0.0,6381.0,216.0,386.0,0.0,0.0,0.0,0.0,0.0,0.0,0.0,473.0,0.0,0.0,0.0,0.0,0.0,2022-12-22,October 2022,Nunavut,Salaried employees paid a fixed salary
0.0,9710.0,2391.0,0.0,0.0,0.0,0.0,0.0,7319.0,1960.0,321.0,0.0,0.0,0.0,0.0,0.0,0.0,0.0,587.0,0.0,0.0,0.0,0.0,0.0,2022-12-22,January 2022,Nunavut,Employees paid by the hour
0.0,10816.0,2584.0,0.0,0.0,0.0,568.0,0.0,8232.0,0.0,496.0,0.0,0.0,0.0,0.0,0.0,0.0,0.0,624.0,0.0,0.0,0.0,0.0,0.0,2022-12-22,February 2022,Nunavut,Employees paid by the hour
0.0,11179.0,2889.0,0.0,0.0,0.0,545.0,0.0,8290.0,0.0,446.0,0.0,0.0,0.0,0.0,0.0,0.0,0.0,716.0,0.0,0.0,0.0,0.0,0.0,2022-12-22,March 2022,Nunavut,Employees paid by the hour
0.0,11073.0,2944.0,0.0,0.0,0.0,613.0,0.0,8130.0,0.0,429.0,0.0,0.0,0.0,0.0,0.0,0.0,0.0,692.0,0.0,0.0,0.0,0.0,0.0,2022-12-22,April 2022,Nunavut,Employees paid by the hour
0.0,11049.0,3139.0,0.0,0.0,0.0,653.0,0.0,7909.0,1928.0,416.0,0.0,0.0,0.0,0.0,0.0,0.0,0.0,703.0,0.0,0.0,0.0,0.0,0.0,2022-12-22,May 2022,Nunavut,Employees paid by the hour
0.0,11289.0,2605.0,0.0,0.0,0.0,0.0,0.0,8684.0,2031.0,503.0,0.0,0.0,0.0,0.0,0.0,0.0,0.0,686.0,0.0,0.0,0.0,0.0,0.0,2022-12-22,June 2022,Nunavut,Employees paid by the hour
0.0,11746.0,3210.0,0.0,0.0,0.0,0.0,0.0,8535.0,2024.0,412.0,0.0,0.0,0.0,0.0,0.0,0.0,0.0,0.0,0.0,0.0,0.0,0.0,0.0,2022-12-22,July 2022,Nunavut,Employees paid by the hour
0.0,11969.0,2914.0,0.0,0.0,0.0,769.0,0.0,9056.0,1938.0,414.0,0.0,0.0,0.0,0.0,0.0,0.0,0.0,633.0,0.0,0.0,0.0,0.0,0.0,2022-12-22,August 2022,Nunavut,Employees paid by the hour
0.0,12573.0,3427.0,0.0,0.0,0.0,800.0,0.0,9146.0,2109.0,407.0,0.0,0.0,0.0,0.0,0.0,0.0,0.0,743.0,0.0,0.0,0.0,0.0,0.0,2022-12-22,September 2022,Nunavut,Employees paid by the hour
0.0,12394.0,2962.0,0.0,0.0,0.0,772.0,0.0,9431.0,2051.0,422.0,0.0,0.0,0.0,0.0,0.0,0.0,0.0,747.0,0.0,0.0,0.0,0.0,0.0,2022-12-22,October 2022,Nunavut,Employees paid by the hour
